type,name,module,path,hash
"csv","agent-manifest","_config","_config/agent-manifest.csv","9afd49c3ab7ce5e8430f0d570a15d8c4dddae2c73deda483eb59e37556ea5bda"
"yaml","manifest","_config","_config/manifest.yaml","bb985eed82dc0f6e85f6b6753059a3fff5f0464fc8fb29a2fe6a8ecfe538dd91"
"csv","brain-methods","core","core/bmad-brainstorming/brain-methods.csv","0ab5878b1dbc9e3fa98cb72abfc3920a586b9e2b42609211bb0516eefd542039"
"csv","methods","core","core/bmad-advanced-elicitation/methods.csv","e08b2e22fec700274982e37be608d6c3d1d4d0c04fa0bae05aa9dba2454e6141"
"csv","module-help","core","core/module-help.csv","79cb3524f9ee81751b6faf549e67cbaace7fa96f71b93b09db1da8e29bf9db81"
"md","compression-rules","core","core/bmad-distillator/resources/compression-rules.md","86e53d6a2072b379864766681d1cc4e1aad3d4428ecca8c46010f7364da32724"
"md","distillate-compressor","core","core/bmad-distillator/agents/distillate-compressor.md","c00da33b39a43207a224c4043d1aa4158e90e41ab421fff0ea7cc55beec81ef8"
"md","distillate-format-reference","core","core/bmad-distillator/resources/distillate-format-reference.md","0ed0e016178f606ff7b70dd852695e94bce8da6d83954257e0b85779530bcaeb"
"md","round-trip-reconstructor","core","core/bmad-distillator/agents/round-trip-reconstructor.md","47c83f4a37249ddac38460d8c95d162f6fc175a8919888e8090aed71bd9383bc"
"md","SKILL","core","core/bmad-advanced-elicitation/SKILL.md","2d1011b1c93a4cf62d9a4b8fad876f0a45e1ad0126dbb796ed21304c5c5d8fb9"
"md","SKILL","core","core/bmad-brainstorming/SKILL.md","f4a2c22b40ed34cdbd3282dd6161a3b869902f3bc75b58e181fc9faf78eedd9d"
"md","SKILL","core","core/bmad-distillator/SKILL.md","9b404438deb17c56ddc08f7b823177687fb4a62f08f40dac8faa5a93f78e374d"
"md","SKILL","core","core/bmad-editorial-review-prose/SKILL.md","b3687fe80567378627bc2a0c5034ae8d65dfeedcf2b6c90da077f4feca462d0c"
"md","SKILL","core","core/bmad-editorial-review-structure/SKILL.md","164444359d74f695a84faf7ea558d0eef39c75561e6b26669f97a165c6f75538"
"md","SKILL","core","core/bmad-help/SKILL.md","8966c636a5ee40cc9deeba9a25df4cd2a9999d035f733711946fa6b1cc0de535"
"md","SKILL","core","core/bmad-index-docs/SKILL.md","a855d7060414e73ca4fe8e1a3e1cc4d0f2ce394846e52340bdf5a1317e0d234a"
"md","SKILL","core","core/bmad-init/SKILL.md","fd3c96b86bc02f6dac8e76e2b62b7f7a0782d4c0c6586ee414a7fb37a3bc3a4e"
"md","SKILL","core","core/bmad-party-mode/SKILL.md","558831b737cf3a6a5349b9f1338f2945da82ce2564893e642a2b49b7e62e8b3f"
"md","SKILL","core","core/bmad-review-adversarial-general/SKILL.md","7bffc39e6dba4d9123648c5d4d79e17c3c5b1efbd927c3fe0026c2dbb8d99cff"
"md","SKILL","core","core/bmad-review-edge-case-hunter/SKILL.md","f49ed9976f46b4cefa1fc8b4f0a495f16089905e6a7bbf4ce73b8f05c9ae3ee6"
"md","SKILL","core","core/bmad-shard-doc/SKILL.md","3a1538536514725fd4f31aded280ee56b9645fc61d114fd94aacb3ac52304e52"
"md","splitting-strategy","core","core/bmad-distillator/resources/splitting-strategy.md","26d3ed05f912cf99ff9ebe2353f2d84d70e3e852e23a32b1215c13416ad708b5"
"md","step-01-agent-loading","core","core/bmad-party-mode/steps/step-01-agent-loading.md","04ab6b6247564f7edcd5c503f5ca7d27ae688b09bbe2e24345550963a016e9f9"
"md","step-01-session-setup","core","core/bmad-brainstorming/steps/step-01-session-setup.md","7fd2aed9527ccdf35fc86bd4c9b27b4a530b5cfdfb90ae2b7385d3185bcd60bc"
"md","step-01b-continue","core","core/bmad-brainstorming/steps/step-01b-continue.md","49f8d78290291f974432bc8e8fce340de58ed62aa946e9e3182858bf63829920"
"md","step-02-discussion-orchestration","core","core/bmad-party-mode/steps/step-02-discussion-orchestration.md","a8a79890bd03237e20f1293045ecf06f9a62bc590f5c2d4f88e250cee40abb0b"
"md","step-02a-user-selected","core","core/bmad-brainstorming/steps/step-02a-user-selected.md","7ff3bca27286d17902ecea890494599796633e24a25ea6b31bbd6c3d2e54eba2"
"md","step-02b-ai-recommended","core","core/bmad-brainstorming/steps/step-02b-ai-recommended.md","cb77b810e0c98e080b4378999f0e250bacba4fb74c1bcb0a144cffe9989d2cbd"
"md","step-02c-random-selection","core","core/bmad-brainstorming/steps/step-02c-random-selection.md","91c6e16213911a231a41b1a55be7c939e7bbcd1463bd49cb03b5b669a90c0868"
"md","step-02d-progressive-flow","core","core/bmad-brainstorming/steps/step-02d-progressive-flow.md","6b6fbbd34bcf334d79f09e8c36ed3c9d55ddd3ebb8f8f77aa892643d1a4e3436"
"md","step-03-graceful-exit","core","core/bmad-party-mode/steps/step-03-graceful-exit.md","85e87df198fbb7ce1cf5e65937c4ad6f9ab51a2d80701979570f00519a2d9478"
"md","step-03-technique-execution","core","core/bmad-brainstorming/steps/step-03-technique-execution.md","b97afefd4ccc5234e554a3dfc5555337269ce171e730b250c756718235e9df60"
"md","step-04-idea-organization","core","core/bmad-brainstorming/steps/step-04-idea-organization.md","acb7eb6a54161213bb916cabf7d0d5084316704e792a880968fc340855cdcbbb"
"md","template","core","core/bmad-brainstorming/template.md","5c99d76963eb5fc21db96c5a68f39711dca7c6ed30e4f7d22aedee9e8bb964f9"
"md","workflow","core","core/bmad-brainstorming/workflow.md","74c87846a5cda7a4534ea592ea3125a8d8a1a88d19c94f5f4481fb28d0d16bf2"
"md","workflow","core","core/bmad-party-mode/workflow.md","e4f7328ccac68ecb7fb346c6b8f4e2e52171b63cff9070c0b382124872e673cb"
"py","analyze_sources","core","core/bmad-distillator/scripts/analyze_sources.py","31e2a8441c3c43c2536739c580cdef6abecb18ff20e7447f42dd868875783166"
"py","bmad_init","core","core/bmad-init/scripts/bmad_init.py","1b09aaadd599d12ba11bd61e86cb9ce7ce85e2d83f725ad8567b99ff00cbceeb"
"py","test_analyze_sources","core","core/bmad-distillator/scripts/tests/test_analyze_sources.py","d90525311f8010aaf8d7d9212a370468a697866190bae78c35d0aae9b7f23fdf"
"py","test_bmad_init","core","core/bmad-init/scripts/tests/test_bmad_init.py","84daa73b4e6adf4adbf203081a570b16859e090104a554ae46a295c9af3cb9bb"
"yaml","config","core","core/config.yaml","61cf9bc49cc31b168ab0460c7a360bf02a7eafd44877aea418107e9f3235e633"
"yaml","core-module","core","core/bmad-init/resources/core-module.yaml","eff85de02831f466e46a6a093d860642220295556a09c59e1b7f893950a6cdc9"
"csv","documentation-requirements","gds","gds/workflows/gds-document-project/documentation-requirements.csv","efc91d54787939a2dd2c22400e6b9b6f58835a741ea557e8971b5b333ce666e8"
"csv","domain-complexity","gds","gds/workflows/2-design/create-prd/data/domain-complexity.csv","4b0d69891b11300bd9228ccfa84a508e76cb702e7abddfc394c5e98d7d3680e1"
"csv","game-brain-methods","gds","gds/workflows/1-preproduction/gds-brainstorm-game/game-brain-methods.csv","f6fb96d2134a941ad0dd6cbdcb7bdcc01b7c04b1009e196cf859fc330f843bdb"
"csv","game-types","gds","gds/workflows/2-design/gds-create-gdd/game-types.csv","4f4a61090a084188178340aa08edaa8f3a08029bac7f01f23f228723b9524a59"
"csv","module-help","gds","gds/module-help.csv","a0027570557941a1129f1921a2a6644f44e29e06fe46a27c594a9d5aeb8ecea2"
"csv","pattern-categories","gds","gds/workflows/3-technical/gds-game-architecture/pattern-categories.csv","490bb6b7d5abfd5c1b20dca04399870c030b5d5d2db7148621d43f08044616e8"
"csv","project-types","gds","gds/workflows/2-design/create-prd/data/project-types.csv","2ea18a3e100f51cf26f0311949e7b7f76c6005e85271df0afd8d1b5632faaf57"
"csv","qa-index","gds","gds/gametest/qa-index.csv","a94275a48134c19edbd8b4c457dfbde049e003cbce0a86a4c79b19ca91809dc2"
"json","project-scan-report-schema","gds","gds/workflows/gds-document-project/templates/project-scan-report-schema.json","4c27adf9407907f31150d03d233f782f165aae9f754ecfa5532d0eed36c8bc94"
"md","action-platformer","gds","gds/workflows/2-design/gds-create-gdd/game-types/action-platformer.md","f711632d2a1067243347cfa5686488377421b8a0337e32ab06031c7d1051cb76"
"md","adventure","gds","gds/workflows/2-design/gds-create-gdd/game-types/adventure.md","2a242677235821099af6adcfc4a17dbeabe9ad914fb5c4599eab4f8691c86402"
"md","architecture-template","gds","gds/workflows/3-technical/gds-game-architecture/templates/architecture-template.md","1522ecf71409013bd057b8bc175744c9c0d988ae1c50f197c342ad26e8ece1d2"
"md","backlog-template","gds","gds/workflows/4-production/gds-code-review/backlog-template.md","42c4a61b30a8d1bfc670934db31622097b679ceee80f7744de823a77fa6ccd42"
"md","balance-testing","gds","gds/gametest/knowledge/balance-testing.md","aeea1da343ec80b7fbec0cc6ddc49cc70f9be1d6240644c3f065b42322886f0b"
"md","card-game","gds","gds/workflows/2-design/gds-create-gdd/game-types/card-game.md","63a72a7cd8e9c15ff0778ca2af49ee146daf7a8d0772f83afc6e8421b088b1fd"
"md","certification-testing","gds","gds/gametest/knowledge/certification-testing.md","70a96efd6ba9f726057a896d0107d0f35f390749da8da373565e5b2f2b2fbfea"
"md","checklist","gds","gds/workflows/1-preproduction/gds-create-game-brief/checklist.md","ddb4129f1f7474f25e78a4836410d6b3432ee5c6344414647ce3c8c3af1c56f5"
"md","checklist","gds","gds/workflows/2-design/gds-create-gdd/checklist.md","43da9cadbca5dc6a18f998560ac85cb471ebf265ed1fc292b30b5e5046f424a2"
"md","checklist","gds","gds/workflows/2-design/gds-create-narrative/checklist.md","e780d2703a61e6f9b6bdf0d624671140a9b93e42cdf9dcd521f41d5a7be9f967"
"md","checklist","gds","gds/workflows/3-technical/gds-game-architecture/checklist.md","0df887272138bfb3d05d963ef24648b5338d22f8cbe8c58b539ee38b977f42aa"
"md","checklist","gds","gds/workflows/4-production/gds-code-review/checklist.md","dce9eaefa805082b447b2db3cef98cba72d71eb9fae62c7ebd5c0760340134cb"
"md","checklist","gds","gds/workflows/4-production/gds-correct-course/checklist.md","36ac623dda0d3328d9d6ea46b314733c618ce63a081d31bdb75ebef9efe0566e"
"md","checklist","gds","gds/workflows/4-production/gds-create-story/checklist.md","0291e068003dda0359c41b925beee202ad083e632061e26fa37bdfb9f09cd6c6"
"md","checklist","gds","gds/workflows/4-production/gds-dev-story/checklist.md","277b5b2157d37162ed6eb1b4cdfe08bb4100fe719994a8ac8d019339a458995b"
"md","checklist","gds","gds/workflows/4-production/gds-sprint-planning/checklist.md","cc4f8e9411dbf9e644333790f867d74027aae3721cbc7f11d574536bf903a0aa"
"md","checklist","gds","gds/workflows/gametest/gds-e2e-scaffold/checklist.md","4bef23b4063d2f6caf26d9d2baba4cc69ea2c54c3f6096c70de80b5b8fd1b130"
"md","checklist","gds","gds/workflows/gametest/gds-performance-test/checklist.md","985a67a8c278f43096b9f52c59182e8de9ae9a55b04808fb740951809a3f96a5"
"md","checklist","gds","gds/workflows/gametest/gds-playtest-plan/checklist.md","d79ecf7b93060a46d9912a90973eab3d0dfeac68815b5275d2c1a5f7416cf952"
"md","checklist","gds","gds/workflows/gametest/gds-test-automate/checklist.md","83290eb804ca6b3d4283c7f69db1d9fb3160b8da708639303177c71af4408f2e"
"md","checklist","gds","gds/workflows/gametest/gds-test-design/checklist.md","5542d92ad346ebfb86a2415a2217707ca76b3d39bf234280062a31b6e28bf875"
"md","checklist","gds","gds/workflows/gametest/gds-test-framework/checklist.md","6ecc1995f2e0f94984d65a7b246a30e9bddaed217f0a48127e022254ee3c356e"
"md","checklist","gds","gds/workflows/gametest/gds-test-review/checklist.md","1f4abe8931ba4964d8db592cdad287df858f834c45cadd20bf7e1588ada5d2ee"
"md","checklist","gds","gds/workflows/gds-document-project/checklist.md","3b6856939315f71dc3ecc5a098c961fdc9f3615d3a032f0bc3dad565ac17bc38"
"md","compatibility-testing","gds","gds/gametest/knowledge/compatibility-testing.md","1a26a1726abb77f7b482ba35d16f17ab574bfd62b4a025565e8645bae228fe6a"
"md","deep-dive-instructions","gds","gds/workflows/gds-document-project/workflows/deep-dive-instructions.md","6ee83a843f26e4b304fc8831d8a51e67b1f7d5bd9884af7e46ad64c2a4938986"
"md","deep-dive-template","gds","gds/workflows/gds-document-project/templates/deep-dive-template.md","2d098bb425f58d1d49ab5c6b7c1a8c92af9271d281bacafe000fed059a1a206d"
"md","deep-dive-workflow","gds","gds/workflows/gds-document-project/workflows/deep-dive-workflow.md","8e3abd158775a850394cae72bc5569c295a9cfee06279ce8c23f76b5804e9251"
"md","discover-inputs","gds","gds/workflows/4-production/gds-code-review/discover-inputs.md","19c9b1d6635fc013c8ce62c266cb72314206beb832e397b9b6c17c94df697ac1"
"md","discover-inputs","gds","gds/workflows/4-production/gds-create-story/discover-inputs.md","19c9b1d6635fc013c8ce62c266cb72314206beb832e397b9b6c17c94df697ac1"
"md","documentation-standards","gds","gds/agents/gds-agent-tech-writer/documentation-standards.md","6e7ac71138275d95c3c9160f3dffe1d6c4cc77bb97231b60b5463a6cdf42adba"
"md","e2e-testing","gds","gds/gametest/knowledge/e2e-testing.md","c3b6738f5dfc5e19699eb7a976ab53367762a6504ec1efd7c045926ea69707b7"
"md","epics-template","gds","gds/workflows/3-technical/gds-create-epics-and-stories/templates/epics-template.md","019cede457d98e414a76128b817cbc33f60b5d775ed93837ab9953ce82875ff1"
"md","explain-concept","gds","gds/agents/gds-agent-tech-writer/explain-concept.md","f9406f0372e600449fafc235202b61c9f4c385f84f9fbd16fc1b9890596ea1c1"
"md","fighting","gds","gds/workflows/2-design/gds-create-gdd/game-types/fighting.md","a3da81cf6924927931eb7338753ae8a03028a7e5e26a31428c737a151e02950f"
"md","full-scan-instructions","gds","gds/workflows/gds-document-project/workflows/full-scan-instructions.md","c0e8151b7079442c16c2445bfeb574f214d5cd6c83b7ed679c57ca63599c3b32"
"md","full-scan-workflow","gds","gds/workflows/gds-document-project/workflows/full-scan-workflow.md","f4d4b5a5d1dcd1f981892c7c6e06da7380bd427edb2f3c6623772d675908c748"
"md","game-brief-template","gds","gds/workflows/1-preproduction/gds-create-game-brief/templates/game-brief-template.md","f2c83b06e8e403bb946de0bed6e4245c66e3b0202d9790432f56319cb8b661be"
"md","game-context","gds","gds/workflows/1-preproduction/gds-brainstorm-game/game-context.md","d362430b87dfe8a9b8c3bf9ae6820235b0d46bbed326591cbb58acdb5ff70640"
"md","gdd-template","gds","gds/workflows/2-design/gds-create-gdd/templates/gdd-template.md","791dfdf0ac71a2e249984c07ca47938dcc2c602c935547124cb1eeccd3d1fbaf"
"md","godot-engine","gds","gds/workflows/3-technical/gds-game-architecture/knowledge/godot-engine.md","f554b80ed5aa61d8ac4fd2fb384aea46e38eef1695744bedddb88e24e445f2e9"
"md","godot-testing","gds","gds/gametest/knowledge/godot-testing.md","ccfdf5f7ecbc33bd3f5549bfcd47c991e6cd0c8d32719ad838e80406eda3b825"
"md","horror","gds","gds/workflows/2-design/gds-create-gdd/game-types/horror.md","7ae5d591692bf36b014da7ca3b9683d6dfe744e9a85915bc18b8e8639122a2aa"
"md","idle-incremental","gds","gds/workflows/2-design/gds-create-gdd/game-types/idle-incremental.md","410e8aa9473ef6189bc550de4721336ae3a9a1a82663388a9cea2a42726bd908"
"md","index-template","gds","gds/workflows/gds-document-project/templates/index-template.md","0e077c2d9d9ccb149a64ed82e67914d90571e23696687cf7a08ac5f2a8b18306"
"md","input-testing","gds","gds/gametest/knowledge/input-testing.md","832d5183c9629e2423cc7221781afc87459cb9f735b2fc60257165d33736ecc6"
"md","instructions","gds","gds/workflows/gds-document-project/instructions.md","c7779e06508f1852b67d8d68e80baa7126ad0dd2e38e98a112bc853b33248846"
"md","localization-testing","gds","gds/gametest/knowledge/localization-testing.md","3ac685205ac1d8dea63574a98501f5636614fbf2933d555d718acb0dbf3d3f4b"
"md","mermaid-gen","gds","gds/agents/gds-agent-tech-writer/mermaid-gen.md","f1af20cff1ddb4294f1b671eebcb80ebe515278e57ff53c4886798ba97b9f6c4"
"md","metroidvania","gds","gds/workflows/2-design/gds-create-gdd/game-types/metroidvania.md","2faa33591d6bac3c0e8c4cafe823d94b9f5f9236a1c22d38683fdb784c156b85"
"md","moba","gds","gds/workflows/2-design/gds-create-gdd/game-types/moba.md","9871adb9aacf4e503f4f339e5028a30ca16916e53770038c5568eb13f961acbb"
"md","multiplayer-testing","gds","gds/gametest/knowledge/multiplayer-testing.md","fa00a075cdbcbf21ae921148c33647280ad12b4c88f2eba3854d24c7b060824b"
"md","narrative-template","gds","gds/workflows/2-design/gds-create-narrative/templates/narrative-template.md","e12110346082ed4cbd444fce0ba0e1cc5c074dfd72ce503f00ce4df24bbf3ef3"
"md","party-game","gds","gds/workflows/2-design/gds-create-gdd/game-types/party-game.md","7de09c182571046e25d2f4c4bdaa8a1dd2a96c8a50606bcf253ed8ba370ddae1"
"md","performance-template","gds","gds/workflows/gametest/gds-performance-test/performance-template.md","71097a22589f0c21af4c32df7b63699b7b54174f1fae96dc482c5f3d27daa6e4"
"md","performance-testing","gds","gds/gametest/knowledge/performance-testing.md","572f7ca584e08bb876be2fc64ba6895decc96780cbe9b4c8e8de7730d07ad929"
"md","phaser-engine","gds","gds/workflows/3-technical/gds-game-architecture/knowledge/phaser-engine.md","9e399909bb7a7b1c8264f90230fa0f395794d4ee0987efe553c77b0da7be45ba"
"md","playtest-template","gds","gds/workflows/gametest/gds-playtest-plan/playtest-template.md","3c6120ba19f21440cec2817a4a8722509b65ac73b98f6768d3fb33a14c005cbb"
"md","playtesting","gds","gds/gametest/knowledge/playtesting.md","38dd38b24e7996323a3c78f74f9786340f22ee11ff857d42e45cdd7080cecca5"
"md","prd-purpose","gds","gds/workflows/2-design/create-prd/data/prd-purpose.md","8c49b3da98b13048ef3c9a2a51fa97747976fe7f4858bf03c63a79c1c7310110"
"md","prd-template","gds","gds/workflows/2-design/create-prd/templates/prd-template.md","d474ed4ecb6d4a627c9da54ed8d79f156671d7557a7e6a64c9f24c29b8216a71"
"md","project-context-template","gds","gds/workflows/3-technical/gds-generate-project-context/project-context-template.md","3cc240744e23cdb1048b76ecc2c0cfccb5ba1140ec9dfb47a19587a59f321c87"
"md","project-overview-template","gds","gds/workflows/gds-document-project/templates/project-overview-template.md","fd1ae5724b19829feb79245b5249c3ebf3cee30d07776939d87c7563e5bf76fd"
"md","puzzle","gds","gds/workflows/2-design/gds-create-gdd/game-types/puzzle.md","0e127487feb570735f166a7e51ecbdd69d7cb7de73439c62ef5e87b6e5b6b8f9"
"md","qa-automation","gds","gds/gametest/knowledge/qa-automation.md","fae6a6e9977cf52b10fffc85c5be41fe5c11c5aec9b885f44d42e37513b9f370"
"md","racing","gds","gds/workflows/2-design/gds-create-gdd/game-types/racing.md","e2c21ad6ae9bfdf1a309dc5a3ba3390dfb7de9a98bdfb4d7723e2c04750c9878"
"md","readiness-report-template","gds","gds/workflows/3-technical/gds-check-implementation-readiness/templates/readiness-report-template.md","79e63524734308aca3ff4c40fdfaf87521bcea2e94ad0583b47d15915d800733"
"md","regression-testing","gds","gds/gametest/knowledge/regression-testing.md","b35564996e952fe1e32c1d59d69e8ceb76dbe3cf96a852ff119082d281d00e77"
"md","research.template","gds","gds/workflows/1-preproduction/research/gds-domain-research/research.template.md","94f97bc59c113d947c6f2e1166095e1eebd8aadffb03d4bd188aeec9e51366d6"
"md","research.template","gds","gds/workflows/1-preproduction/research/research.template.md","94f97bc59c113d947c6f2e1166095e1eebd8aadffb03d4bd188aeec9e51366d6"
"md","rhythm","gds","gds/workflows/2-design/gds-create-gdd/game-types/rhythm.md","099462e504db8de6fe4e6176a2e0667a2beb3700147d733a4e5a44f7aba4d9d1"
"md","roguelike","gds","gds/workflows/2-design/gds-create-gdd/game-types/roguelike.md","13db5439305b6f8c5a985839552326ca0da359d861251b10f7585b7f123a848c"
"md","rpg","gds","gds/workflows/2-design/gds-create-gdd/game-types/rpg.md","861d9a803a43e4b95f048a0ff274ef56dbbfb8d83fea696237814731ae13e4f4"
"md","sandbox","gds","gds/workflows/2-design/gds-create-gdd/game-types/sandbox.md","404b16e49aefdeda1e022a07fb680a1584c0e1a00ddda003e80eab748e01d270"
"md","save-testing","gds","gds/gametest/knowledge/save-testing.md","c354bbbe048c32fbd8bf581de329ff933ec28e044b431888f8ca53d76434eaf1"
"md","shooter","gds","gds/workflows/2-design/gds-create-gdd/game-types/shooter.md","185d8722cf25471768440921b7b5bdca8bf58464358bd50556811fa0746e3e0c"
"md","simulation","gds","gds/workflows/2-design/gds-create-gdd/game-types/simulation.md","bbb0c3dd09cb4289c2d297aeb49d1b0261151037dd8728fddee8ab7683bfc995"
"md","SKILL","gds","gds/agents/gds-agent-game-architect/SKILL.md","d4e742ccc61d52d69754f7bc98f0bd42b03af5b5ac9497aa4575b517279f8664"
"md","SKILL","gds","gds/agents/gds-agent-game-designer/SKILL.md","9ddddcc1f8e3479778366cbcaeaff5955979fc0ab1452757c9e534e9539cdbf4"
"md","SKILL","gds","gds/agents/gds-agent-game-dev/SKILL.md","cb56ecef51fdd7330fc4aaec21c52241fe7d9028d789dd2678c9092448b9fc12"
"md","SKILL","gds","gds/agents/gds-agent-game-qa/SKILL.md","7d0cd38daa883aabbf47d1277e54c2fe4bc3e86b3dc0c06621122ad3c1d9e54f"
"md","SKILL","gds","gds/agents/gds-agent-game-scrum-master/SKILL.md","4befadc8e601a4eae7e2b17736e8ea4e0df17bed04b752972be748b6202a1d52"
"md","SKILL","gds","gds/agents/gds-agent-game-solo-dev/SKILL.md","7651f968fce768ac77cd8f9b4d6f4fd0506f55691afe6e4d3d62ef51819b63a7"
"md","SKILL","gds","gds/agents/gds-agent-tech-writer/SKILL.md","9add0531eef90e3fd614545700dfa2df35b611e4a96b4361df2f90aa20740e4a"
"md","SKILL","gds","gds/workflows/1-preproduction/gds-brainstorm-game/SKILL.md","a56db1907454146a9122d87181e44d26353fc263810d2f65c592ec0b044d5e33"
"md","SKILL","gds","gds/workflows/1-preproduction/gds-create-game-brief/SKILL.md","fa9ad2719f7e3a7c8f947efafa1170d26d012d686dd17ce86a12b628073cfcd6"
"md","SKILL","gds","gds/workflows/1-preproduction/research/gds-domain-research/SKILL.md","220187fc7e850635b8d05f8d23a89222d0dac6cd7a84bed75844c2ab01a447cf"
"md","SKILL","gds","gds/workflows/2-design/gds-create-gdd/SKILL.md","cb9e38f0499ab561779f07c86446eab048eb33b23dabcb4674303f769a289baf"
"md","SKILL","gds","gds/workflows/2-design/gds-create-narrative/SKILL.md","5e3fd0f5b96fa9d3f0f19e98e635f8f2db15e0d9049105d8b5d5beb1f0b31b0a"
"md","SKILL","gds","gds/workflows/2-design/gds-create-ux-design/SKILL.md","d46c699b414d29e98135523eb37ec4848a4893248211b6b506e7ab6601b236a5"
"md","SKILL","gds","gds/workflows/3-technical/gds-check-implementation-readiness/SKILL.md","69f235f148d6523887013e45d69bd9ea9569bd4debede1b0d7e0ac7154583c42"
"md","SKILL","gds","gds/workflows/3-technical/gds-create-epics-and-stories/SKILL.md","900c383ed3eb98409ee25ae698f932a0caa6035ac4bddc3bcb61382dded83fa9"
"md","SKILL","gds","gds/workflows/3-technical/gds-game-architecture/SKILL.md","55405390ace06bff1cc1189bb24c20cfb64a31046529fcac54f85143a75cd4c4"
"md","SKILL","gds","gds/workflows/3-technical/gds-generate-project-context/SKILL.md","192f2496bfdbbfe8fc6d84ba8c9aff562515d65cf163cab564f95f60f2872e4e"
"md","SKILL","gds","gds/workflows/4-production/gds-code-review/SKILL.md","5656927625c6d1816836566c09d5cdec065488b927c73cda910bbfa16f78ba47"
"md","SKILL","gds","gds/workflows/4-production/gds-correct-course/SKILL.md","58d15f8bed20a60acd5ae9bfcc08df02b069c450b72c07588a99ee40cff1b5a7"
"md","SKILL","gds","gds/workflows/4-production/gds-create-story/SKILL.md","21b211933bc077ea57a5a6c7da29b1f0f92181d510ef854792b30be4140370df"
"md","SKILL","gds","gds/workflows/4-production/gds-dev-story/SKILL.md","7d9c92d93e28457777ac0cef20d528aa1585de1a64b343c5cf145d3ae874b254"
"md","SKILL","gds","gds/workflows/4-production/gds-retrospective/SKILL.md","381225e5432907d6d6c9a47a6c249d622bfd4a9809d666140d3b139195acf98b"
"md","SKILL","gds","gds/workflows/4-production/gds-sprint-planning/SKILL.md","2c0fd056bd72990d2aa65ee274d6800e0b7144a6c7409001f7d6f70aaf6c6e01"
"md","SKILL","gds","gds/workflows/4-production/gds-sprint-status/SKILL.md","0c66530bf15aa342e71420a1c9a44035052c6037437f5bcd7cba85aabc096c24"
"md","SKILL","gds","gds/workflows/gametest/gds-e2e-scaffold/SKILL.md","229007c77c3961a404eb72139715e077341b5274f61c28ea07d1308eb9afbf21"
"md","SKILL","gds","gds/workflows/gametest/gds-performance-test/SKILL.md","1eab7d7498e283c343be2fc2503c0435c9fabd77a890fe10bd4c9fdf51724c73"
"md","SKILL","gds","gds/workflows/gametest/gds-playtest-plan/SKILL.md","318c34b3f793b9563a1c07653dc0fd18b56bf3cd17c4e5a595037a0087e29a62"
"md","SKILL","gds","gds/workflows/gametest/gds-test-automate/SKILL.md","91acd8994591744c81090f98108a810f4e7d358bf63093cab1cbc75878bfcaa2"
"md","SKILL","gds","gds/workflows/gametest/gds-test-design/SKILL.md","4aaae301ad3bcb21b1d13def82156d8f57e771bfbd30180af1aca1c04e413478"
"md","SKILL","gds","gds/workflows/gametest/gds-test-framework/SKILL.md","04467956eaae1435757de3ed8cab32830db6bca86b71582a1d3f4b693d905cc7"
"md","SKILL","gds","gds/workflows/gametest/gds-test-review/SKILL.md","178c7c22b64f6a0fd2d2470d814ab1013a1314a1ee55b9278355569d00e561a0"
"md","SKILL","gds","gds/workflows/gds-document-project/SKILL.md","8dfb44c847181389607b3b1298720cf3a975d31bb7332d27a4863627efa6f179"
"md","SKILL","gds","gds/workflows/gds-quick-flow/gds-quick-dev/SKILL.md","eda11169ce950ecde2d4c1e56df7e4912b0ba705a8b3fb57217a644d00225f1e"
"md","SKILL","gds","gds/workflows/gds-quick-flow/gds-quick-dev-new-preview/SKILL.md","6b80e12abdf0fb715772110fbfb9b487726ea738b4193b3ac583d8edcc99c301"
"md","SKILL","gds","gds/workflows/gds-quick-flow/gds-quick-spec/SKILL.md","e0cc7318ac1ac67996158d6af6845e0cac0285943f3798753d17a59f4a7000a9"
"md","smoke-testing","gds","gds/gametest/knowledge/smoke-testing.md","1b33fe5eb2305103b96cd4a755640f4fa08f8ffc8c59a0fe04110c1532078866"
"md","source-tree-template","gds","gds/workflows/gds-document-project/templates/source-tree-template.md","f0094b1e0a9770c8c408b86f978b660c253fe99affcf2b67e1cf7aa9b40e74cb"
"md","sports","gds","gds/workflows/2-design/gds-create-gdd/game-types/sports.md","f2f582cd89412e803f9714e5f44ee9854ed2d1a2debd588900fc1792756057b7"
"md","step-01-clarify-and-route","gds","gds/workflows/gds-quick-flow/gds-quick-dev-new-preview/steps/step-01-clarify-and-route.md","e8167c65c13feaaffdc093fd08ebe87e5552cc93a425737183d0a2eeeb180d0e"
"md","step-01-discover","gds","gds/workflows/3-technical/gds-generate-project-context/steps/step-01-discover.md","54cfaa77d7528d319a089bc1f97f1d8b6d421688e7e888faaf0bac7d387f0c4e"
"md","step-01-document-discovery","gds","gds/workflows/3-technical/gds-check-implementation-readiness/steps/step-01-document-discovery.md","67bb32cc42c91561da6572c237c3a76b14e6eef9b029255a3d102324dfc9debf"
"md","step-01-init","gds","gds/workflows/1-preproduction/gds-brainstorm-game/steps/step-01-init.md","387af27c94cb1995f1f0f1b61a7925d0aa104406f6682db32457009402508454"
"md","step-01-init","gds","gds/workflows/1-preproduction/gds-create-game-brief/steps/step-01-init.md","e4d2850d14ee828a22f5a2c1f129d51e405252a189df4b933d01012a082acb55"
"md","step-01-init","gds","gds/workflows/1-preproduction/research/gds-domain-research/domain-steps/step-01-init.md","50a57ffaeee886b1d568a4dff195e41dccaff3074d8ae1fa40d3783b76538a3c"
"md","step-01-init","gds","gds/workflows/1-preproduction/research/market-steps/step-01-init.md","0abbdb75d96de862f8cf19acc42cca5e1502d65be043f851bf75d7e760c5ee86"
"md","step-01-init","gds","gds/workflows/1-preproduction/research/technical-steps/step-01-init.md","798be6a9234469a5a204a324ea8475aac4cdcbca0ed0047cf32bb9ce0deed66a"
"md","step-01-init","gds","gds/workflows/2-design/create-prd/steps-c/step-01-init.md","7b2b06135ea2b10fedd5f8772f46a44aa6a899c8aec52d3610b0c8a443acb160"
"md","step-01-init","gds","gds/workflows/2-design/gds-create-gdd/steps/step-01-init.md","bd5f4de09004badb6619acd2c5bdb8f90d0fb43709ed62854a5f09e1a7175b9f"
"md","step-01-init","gds","gds/workflows/2-design/gds-create-narrative/steps/step-01-init.md","aaad27ab89da25c75550b2007870d1ffb591233be995ea6f4a7252d4c65e2848"
"md","step-01-init","gds","gds/workflows/2-design/gds-create-ux-design/steps/step-01-init.md","f531a5ca115f36c9521d7a05ebb468037f6f7875088aa5c5698eae39f3d6bdf5"
"md","step-01-init","gds","gds/workflows/3-technical/gds-game-architecture/steps/step-01-init.md","8dd8000f903c227ad57a0b1dbcc21afd01a5891e9183556d2101cd4c2be5ad23"
"md","step-01-mode-detection","gds","gds/workflows/gds-quick-flow/gds-quick-dev/steps/step-01-mode-detection.md","838ecd90846d77466c7895f36ad836a0917a05189cafb86e5fdfcb70ebf029d1"
"md","step-01-understand","gds","gds/workflows/gds-quick-flow/gds-quick-spec/steps/step-01-understand.md","75ea249deede219cc35f4481cf0c6c012d5ae82b99ee127b9f0e419d9506da37"
"md","step-01-validate-prerequisites","gds","gds/workflows/3-technical/gds-create-epics-and-stories/steps/step-01-validate-prerequisites.md","fec8443bc13a4a8c55354c1723a2000372501a8cb9ec95b4a9ce83323da21d94"
"md","step-01b-continue","gds","gds/workflows/1-preproduction/gds-create-game-brief/steps/step-01b-continue.md","a91fda08e9878491a9792c469fd2bdca0187c3ece503cad9d67cdccd4255fbbd"
"md","step-01b-continue","gds","gds/workflows/2-design/create-prd/steps-c/step-01b-continue.md","c758da2eab9caa7c0ae30cd1a21cd1bdb590509552ff12808bc66b0f2f0f0333"
"md","step-01b-continue","gds","gds/workflows/2-design/gds-create-gdd/steps/step-01b-continue.md","c2015ca6350fbb2078f153495519ddacb48c671a6bb9794c5515cf196f033416"
"md","step-01b-continue","gds","gds/workflows/2-design/gds-create-narrative/steps/step-01b-continue.md","8b32f84fabe6752cee658b7d556293b5d96da1502502196d7d50622b02f0a072"
"md","step-01b-continue","gds","gds/workflows/2-design/gds-create-ux-design/steps/step-01b-continue.md","2aac065c9932aa7b1c89ff6f435d8963e8127dfb63bf9f870dcc078621186e2f"
"md","step-01b-continue","gds","gds/workflows/3-technical/gds-game-architecture/steps/step-01b-continue.md","e93feb4f04ba5da080c5f604cd035514fa4740270bbe6cceafeb80ad350bddd2"
"md","step-02-context","gds","gds/workflows/1-preproduction/gds-brainstorm-game/steps/step-02-context.md","6abcde27157abb8e7318fca239f2c4dc3483b28b060b6475d2f0bda1c037e407"
"md","step-02-context","gds","gds/workflows/2-design/gds-create-gdd/steps/step-02-context.md","75712b0214923ca5bd498f68f309b40c4c5496847c67255f844432ffa5ea6835"
"md","step-02-context","gds","gds/workflows/3-technical/gds-game-architecture/steps/step-02-context.md","6eb34f13af3ba257085dd97a74c3e6846732ead528d3b0085cfbf30558aa4ceb"
"md","step-02-context-gathering","gds","gds/workflows/gds-quick-flow/gds-quick-dev/steps/step-02-context-gathering.md","bbce1963eface92d81430150de41768bf690a4df8f667e7c172b18e03d55399b"
"md","step-02-customer-behavior","gds","gds/workflows/1-preproduction/research/market-steps/step-02-customer-behavior.md","4603f8de79cc8c77c1fceb45af071dd9cc0fe4b306d84a5cd49fc9c5dc654eee"
"md","step-02-design-epics","gds","gds/workflows/3-technical/gds-create-epics-and-stories/steps/step-02-design-epics.md","e1b9b72580bd5acb6d2e5175abf3665d011a27f6c272d8d1eae1f52bfffa05a3"
"md","step-02-discovery","gds","gds/workflows/2-design/create-prd/steps-c/step-02-discovery.md","7dc82168801af3ab5636796c589d158e8b292ec8b54505c8aa84e902482f8d6d"
"md","step-02-discovery","gds","gds/workflows/2-design/gds-create-ux-design/steps/step-02-discovery.md","393783062b3368b0d03b841f4b06f4a0c3d7f6538e5c10dbd87e3910232290d8"
"md","step-02-domain-analysis","gds","gds/workflows/1-preproduction/research/gds-domain-research/domain-steps/step-02-domain-analysis.md","6fe5a82ef0098b47a6a73d34b21c95e10619fdd2d1600582848b8456b749ca35"
"md","step-02-foundation","gds","gds/workflows/2-design/gds-create-narrative/steps/step-02-foundation.md","0c07252f63221e8be5f17284408934e15b4799a34b5db8feb5ed28085cb3ad0e"
"md","step-02-gdd-analysis","gds","gds/workflows/3-technical/gds-check-implementation-readiness/steps/step-02-gdd-analysis.md","9e9141a287b508ddb3fc756d0e90bd97b3c73800a69a939122f4db8f68297b4f"
"md","step-02-generate","gds","gds/workflows/3-technical/gds-generate-project-context/steps/step-02-generate.md","11deeb2b4bc97f8c5e0a9b234cba937781cd03a874a3cb05e4044d7116ea443c"
"md","step-02-investigate","gds","gds/workflows/gds-quick-flow/gds-quick-spec/steps/step-02-investigate.md","76ecd7190a44ee72e9f7d2450cc05f52a9f95a890bc472cc8ba49f62b66b3ece"
"md","step-02-plan","gds","gds/workflows/gds-quick-flow/gds-quick-dev-new-preview/steps/step-02-plan.md","2309a85cac8df05f518c6d170cf99df5492162546985e93066af7af2a90849c1"
"md","step-02-technical-overview","gds","gds/workflows/1-preproduction/research/technical-steps/step-02-technical-overview.md","2645cd73ff2bae09088961a8d8cfc41fe572dbc1d4e95b59bb678fbdb739c523"
"md","step-02-vision","gds","gds/workflows/1-preproduction/gds-create-game-brief/steps/step-02-vision.md","d18fe87770dd3be606700bba9a550d0222a03fe306e032415f92aac9be6b52ab"
"md","step-02b-vision","gds","gds/workflows/2-design/create-prd/steps-c/step-02b-vision.md","6edaf0b9dd99fb135484662a4b0bd0105b20da8fe1c46eaf1bf57339ab8c63cc"
"md","step-02c-executive-summary","gds","gds/workflows/2-design/create-prd/steps-c/step-02c-executive-summary.md","ab8fb49807785088369ee9e837ee19d2feaa97d66173d3748dd4828138c447a5"
"md","step-03-competitive-landscape","gds","gds/workflows/1-preproduction/research/gds-domain-research/domain-steps/step-03-competitive-landscape.md","a4e67a4cc2d7f0e88e07bbf431c7d94f51dbb505f4171a6eefcba6cfb208dcd2"
"md","step-03-complete","gds","gds/workflows/3-technical/gds-generate-project-context/steps/step-03-complete.md","b33c31b630ac09ad2735a4265c5d29accab816f588fcc194b81366c2f77de20e"
"md","step-03-core-experience","gds","gds/workflows/2-design/gds-create-ux-design/steps/step-03-core-experience.md","f20ef5018e52d0d5c243782d3b104053e37e6f5772bf51417839c34d62bad853"
"md","step-03-create-stories","gds","gds/workflows/3-technical/gds-create-epics-and-stories/steps/step-03-create-stories.md","b5cd99d791996ce997da9c62ee931382abddc1ba2f85f90efa88be96b04cc984"
"md","step-03-customer-pain-points","gds","gds/workflows/1-preproduction/research/market-steps/step-03-customer-pain-points.md","676242d1e204c864cc8a90947ee180f91293b3130921effbe01576b618a255da"
"md","step-03-epic-coverage-validation","gds","gds/workflows/3-technical/gds-check-implementation-readiness/steps/step-03-epic-coverage-validation.md","382801a2562cd967e222fbe94385573c5bd910c778647b33efdd794c45cac0b2"
"md","step-03-execute","gds","gds/workflows/gds-quick-flow/gds-quick-dev/steps/step-03-execute.md","cf7d2f9161e32f1c86cf1d05b100ea242ce34f80c557e2086bfd916b6e3a82af"
"md","step-03-generate","gds","gds/workflows/gds-quick-flow/gds-quick-spec/steps/step-03-generate.md","16c011aded15143951c0b1221d1df523d476ac4ac973af64239227ec53261228"
"md","step-03-ideation","gds","gds/workflows/1-preproduction/gds-brainstorm-game/steps/step-03-ideation.md","60d66f470df2b46ed992d1ccb0b9a399801901300afd06a4e40e55a5c75ccade"
"md","step-03-implement","gds","gds/workflows/gds-quick-flow/gds-quick-dev-new-preview/steps/step-03-implement.md","c8004eecdc0d7e5f6bb5af5b0411b15c3c121da62be37ca00294cf3debf4db7f"
"md","step-03-integration-patterns","gds","gds/workflows/1-preproduction/research/technical-steps/step-03-integration-patterns.md","d56c50d10feb1db60598c319e079feab13016e297c674455cc05e63e7f1b366f"
"md","step-03-market","gds","gds/workflows/1-preproduction/gds-create-game-brief/steps/step-03-market.md","acfccec5f3513e780645e6385ddfb4ee90c5e1a36b092e9b6c844eb99836cb44"
"md","step-03-platforms","gds","gds/workflows/2-design/gds-create-gdd/steps/step-03-platforms.md","cfe688b658d7f0ba2af35324fa5b7f745e5b0f443cd0690fa5b9adb4738bde19"
"md","step-03-starter","gds","gds/workflows/3-technical/gds-game-architecture/steps/step-03-starter.md","90130c4f6c96191afd83bb4926cee42f2988fb9d25e16d189bf9743785d4c66a"
"md","step-03-story","gds","gds/workflows/2-design/gds-create-narrative/steps/step-03-story.md","504677a3f12ed5f25cf1464447eef49456db799ac6f4b35b5540add37946472f"
"md","step-03-success","gds","gds/workflows/2-design/create-prd/steps-c/step-03-success.md","94abd221a3e3a384d0827b0857bfde033e111b68f0c57186340d2d3a23b7c93f"
"md","step-04-architectural-patterns","gds","gds/workflows/1-preproduction/research/technical-steps/step-04-architectural-patterns.md","fc86d8ded78009f15bd0f8fa5501fd73853f2ac689504366cd2bf825a6a66802"
"md","step-04-characters","gds","gds/workflows/2-design/gds-create-narrative/steps/step-04-characters.md","5588837de615e76c9c33292b63e395879a8a9090dc83edaec1bd852f04d109e8"
"md","step-04-complete","gds","gds/workflows/1-preproduction/gds-brainstorm-game/steps/step-04-complete.md","576aec719ec975f3ee357f0389da36e9b59fda594eac6aebf00ad47d59af4098"
"md","step-04-customer-decisions","gds","gds/workflows/1-preproduction/research/market-steps/step-04-customer-decisions.md","a8cec1d9c601f925baddbd57e5af21c04a6632ca6cdeb26f5d8c2a619390ef61"
"md","step-04-decisions","gds","gds/workflows/3-technical/gds-game-architecture/steps/step-04-decisions.md","2ccd91d7a17eda4eca080acd82de72be4a5c0d172fe58b94d4b26663fa52268a"
"md","step-04-emotional-response","gds","gds/workflows/2-design/gds-create-ux-design/steps/step-04-emotional-response.md","28e09314f3f74b6c7f0161500248756f4a23aff522c48cedb8e49870419e221a"
"md","step-04-final-validation","gds","gds/workflows/3-technical/gds-create-epics-and-stories/steps/step-04-final-validation.md","f61f460c49783b3680d149be8b8fb0406e1860769c83e9b2da3425951cbd88f0"
"md","step-04-fundamentals","gds","gds/workflows/1-preproduction/gds-create-game-brief/steps/step-04-fundamentals.md","91ca1da1c4dc51a8c18f3edf09430713303e324056210ac8113626080e6985bb"
"md","step-04-journeys","gds","gds/workflows/2-design/create-prd/steps-c/step-04-journeys.md","b0d78b608c599732c42a0f67234fd37e8befa6b4f296937ed5b1d75a2d465353"
"md","step-04-regulatory-focus","gds","gds/workflows/1-preproduction/research/gds-domain-research/domain-steps/step-04-regulatory-focus.md","8a2b9622263b7ec614f487f72e2c879c478639f5bb9d7f6f201a5a3b0745fcb2"
"md","step-04-review","gds","gds/workflows/gds-quick-flow/gds-quick-dev-new-preview/steps/step-04-review.md","0ab788702dfb60b6987fa3a426ce6f159664dd8e4c132312767c8a720730d1f6"
"md","step-04-review","gds","gds/workflows/gds-quick-flow/gds-quick-spec/steps/step-04-review.md","c7f98c9f98cface84a1f7519684f1087df10b65c243ee5854048f4d1dc1f0375"
"md","step-04-self-check","gds","gds/workflows/gds-quick-flow/gds-quick-dev/steps/step-04-self-check.md","82b7c8a389e1b5284953918ab61abdc7185d9bfbffc4d397d5e39a42a4cee0ee"
"md","step-04-ux-alignment","gds","gds/workflows/3-technical/gds-check-implementation-readiness/steps/step-04-ux-alignment.md","1db7f77eb51c51bf8fa57bec7756bf72e6044d824ad2fee0b1944000a2c9fee7"
"md","step-04-vision","gds","gds/workflows/2-design/gds-create-gdd/steps/step-04-vision.md","8241a1a57e1260712ede6fb38a129ed436732b3b16967a2a26d2dc710a013476"
"md","step-05-adversarial-review","gds","gds/workflows/gds-quick-flow/gds-quick-dev/steps/step-05-adversarial-review.md","559a0f47f457bb4dc1e431b1ef227d686b9bb59eb43af8cfd1108d07fd76ede8"
"md","step-05-competitive-analysis","gds","gds/workflows/1-preproduction/research/market-steps/step-05-competitive-analysis.md","1fb1ddf478d2e61fd51084d8cd272cec99f22c7be68aad4405fe8adc3261ffef"
"md","step-05-core-gameplay","gds","gds/workflows/2-design/gds-create-gdd/steps/step-05-core-gameplay.md","cbc86e1fd4c0e435519d68bc24cc6531fe94630d9e61b29da4356889d60cac4c"
"md","step-05-crosscutting","gds","gds/workflows/3-technical/gds-game-architecture/steps/step-05-crosscutting.md","d67d8ef57252f98414d7041424fa11a96fc6663728e643109b1b9fe33d7d2fea"
"md","step-05-domain","gds","gds/workflows/2-design/create-prd/steps-c/step-05-domain.md","e6300a36996157eeecd0573186d06777594dc99411499648790ca73180684d7b"
"md","step-05-epic-quality-review","gds","gds/workflows/3-technical/gds-check-implementation-readiness/steps/step-05-epic-quality-review.md","e8df458084637eb3b2e426835ab500af53deb642bcbe09f35c2b257d159ca9b3"
"md","step-05-implementation-research","gds","gds/workflows/1-preproduction/research/technical-steps/step-05-implementation-research.md","831f7d449189ca9a2f10ee134b50f1c28d3d013f48a4fc8cb962f60b5d013dc9"
"md","step-05-inspiration","gds","gds/workflows/2-design/gds-create-ux-design/steps/step-05-inspiration.md","83be000dc380249389fccaef8c0b32bf333b657dd177799df8219381ee56fcc3"
"md","step-05-present","gds","gds/workflows/gds-quick-flow/gds-quick-dev-new-preview/steps/step-05-present.md","925f1051b3cf93ca7fe78ec75c1a582ea7abc69005c646b4add834998d026b8d"
"md","step-05-scope","gds","gds/workflows/1-preproduction/gds-create-game-brief/steps/step-05-scope.md","0648b02ad2066656252c53e674303ef12f39116649493592f7b57ed852f6ba4a"
"md","step-05-technical-trends","gds","gds/workflows/1-preproduction/research/gds-domain-research/domain-steps/step-05-technical-trends.md","e7b184a75617338b9ae2834d1d3b16cbe33c49131bfd2486e731c20305005975"
"md","step-05-world","gds","gds/workflows/2-design/gds-create-narrative/steps/step-05-world.md","9c7e27f2eba0a904bc3596e264a9c73ff2595ea14f1e05e635b843091bffe4e6"
"md","step-06-design-system","gds","gds/workflows/2-design/gds-create-ux-design/steps/step-06-design-system.md","247f86d87a8b08beeee1e4e1ecaf1535ffa7b2fb36751145fc2001989fa33c1b"
"md","step-06-dialogue","gds","gds/workflows/2-design/gds-create-narrative/steps/step-06-dialogue.md","ce5312263e12cc1e3392412ca6f65b69c8152dc5ef6249012a00b80fa686abc6"
"md","step-06-final-assessment","gds","gds/workflows/3-technical/gds-check-implementation-readiness/steps/step-06-final-assessment.md","ea01383df91fc751a260d903db18891f611b0956097d01cd56921f3a01262966"
"md","step-06-innovation","gds","gds/workflows/2-design/create-prd/steps-c/step-06-innovation.md","1c64101146c0662bd0f15d938015ee09f1e92e77081eccb57a88681c1e6ab610"
"md","step-06-mechanics","gds","gds/workflows/2-design/gds-create-gdd/steps/step-06-mechanics.md","4a68112bbef5ddfe569d19320f6d305d8a3b342ccaa3b169625b7abfa3709b72"
"md","step-06-references","gds","gds/workflows/1-preproduction/gds-create-game-brief/steps/step-06-references.md","ad3bcb781e5dc9070d89cd93a4be72f68cc418d1821b525327ee03d8df1af41c"
"md","step-06-research-completion","gds","gds/workflows/1-preproduction/research/market-steps/step-06-research-completion.md","87cec5d054bdd13b6a61498b99ba958f5f4a58e30810629780d78932da549f23"
"md","step-06-research-synthesis","gds","gds/workflows/1-preproduction/research/gds-domain-research/domain-steps/step-06-research-synthesis.md","eec5a017fa74135323df67948e3d80563d497f6267d80e97e82fe93abeda48cf"
"md","step-06-research-synthesis","gds","gds/workflows/1-preproduction/research/technical-steps/step-06-research-synthesis.md","6a8d076da0d142acab6688aa5f0ae5f919200922cc4eb94818d9c1d66755c1ee"
"md","step-06-resolve-findings","gds","gds/workflows/gds-quick-flow/gds-quick-dev/steps/step-06-resolve-findings.md","d7371ffa3bfa1fa728f6e47e115d8af59605e4c9227c3d219207757738926143"
"md","step-06-structure","gds","gds/workflows/3-technical/gds-game-architecture/steps/step-06-structure.md","ddeb26e5037e08e10bc2270f19098a98d2a5b11e2b55d85de7412d097a50626e"
"md","step-07-content","gds","gds/workflows/1-preproduction/gds-create-game-brief/steps/step-07-content.md","9d4953aa0fd773c0db77ce18035c269174b6b47c16ef3d1bb435058495c9aae2"
"md","step-07-defining-experience","gds","gds/workflows/2-design/gds-create-ux-design/steps/step-07-defining-experience.md","e6414863908096d094a9cf61283fd9fc9defe23e93d9d8b14b3920d2019ba04c"
"md","step-07-environmental","gds","gds/workflows/2-design/gds-create-narrative/steps/step-07-environmental.md","7149ce119c7bacff68b345a8a9bc4545e143260fcb69579e52d3bcdfd75fa698"
"md","step-07-game-type","gds","gds/workflows/2-design/gds-create-gdd/steps/step-07-game-type.md","706c328ef4ffd211338b08870f0fbbd597c51f57e7ae3240c9e4d6f899f051c3"
"md","step-07-patterns","gds","gds/workflows/3-technical/gds-game-architecture/steps/step-07-patterns.md","9adc76edf484cc907c909e8d98fca46d324af43a81fbc5b4711169ec73de8071"
"md","step-07-project-type","gds","gds/workflows/2-design/create-prd/steps-c/step-07-project-type.md","71c142046466f5888849fa96b5f93b290d057f93851b790a1af58ba97d9c0807"
"md","step-08-complete","gds","gds/workflows/1-preproduction/gds-create-game-brief/steps/step-08-complete.md","869f524df6ab48f1e46feb8df679c269b0d1a28b73a4ddd73f989054867d28e9"
"md","step-08-delivery","gds","gds/workflows/2-design/gds-create-narrative/steps/step-08-delivery.md","19e0914f91ffc42f877a864f2c3f450c1025e23ec3640db2bf321938dfee9166"
"md","step-08-progression","gds","gds/workflows/2-design/gds-create-gdd/steps/step-08-progression.md","29bbc19605939ce997819128fa8b125227480ce191fe76259b12a9e134324bf1"
"md","step-08-scoping","gds","gds/workflows/2-design/create-prd/steps-c/step-08-scoping.md","c3f73fa734a21f5d0888cac1bd08fc17c32b83f01663621a08c3b9e65bc255f3"
"md","step-08-validation","gds","gds/workflows/3-technical/gds-game-architecture/steps/step-08-validation.md","599ab173f1fa11844364f135c6338f5739ca840b588134cc9dbf1e76bebb12c6"
"md","step-08-visual-foundation","gds","gds/workflows/2-design/gds-create-ux-design/steps/step-08-visual-foundation.md","56f0c4939c9fcbea5b5dfb37b99589885ccc3ac6130a475bcf0b8e393d03859e"
"md","step-09-complete","gds","gds/workflows/3-technical/gds-game-architecture/steps/step-09-complete.md","6dad1dfb990241c2c628e0d46d5df49e9fb26be5ed3037d076ab8d057ceff179"
"md","step-09-design-directions","gds","gds/workflows/2-design/gds-create-ux-design/steps/step-09-design-directions.md","545e06b70068c3809548fbdef3c0fa98b332aa7904fff64767b63853ac6126e9"
"md","step-09-functional","gds","gds/workflows/2-design/create-prd/steps-c/step-09-functional.md","dcbd36492ef0ac08fcee5b21610baa28e3a8a9c9eb9a85f92b409e641a4b4cc3"
"md","step-09-integration","gds","gds/workflows/2-design/gds-create-narrative/steps/step-09-integration.md","6fd52a4d818db5d2e36b38a18f246fef7572c39ced205167a27594dfa1252e52"
"md","step-09-levels","gds","gds/workflows/2-design/gds-create-gdd/steps/step-09-levels.md","5c486255d20622b3348b09c759b3c6f3f4b7dc5731a174820e86d4d35b1d9fea"
"md","step-10-art-audio","gds","gds/workflows/2-design/gds-create-gdd/steps/step-10-art-audio.md","21605570a8445b70902338eaf83ddd4b284417a0b48e39bba915a0a2416518ea"
"md","step-10-nonfunctional","gds","gds/workflows/2-design/create-prd/steps-c/step-10-nonfunctional.md","8ac1de3fe18f44260dbc542661b584ea2fbec55ab239a6762e6ee078ceca7e64"
"md","step-10-production","gds","gds/workflows/2-design/gds-create-narrative/steps/step-10-production.md","35028f7d5feeed7f82e97e1858e72564c5fdd95b6095ebaee54d775f7091e13c"
"md","step-10-user-journeys","gds","gds/workflows/2-design/gds-create-ux-design/steps/step-10-user-journeys.md","c670569149046c976d96827dcacbfcbc1f6a13d570dee8a3409ac68c69948971"
"md","step-11-complete","gds","gds/workflows/2-design/gds-create-narrative/steps/step-11-complete.md","fdd255e7cf92917d4c7a9ba8e8b1b9e86fb2974527b892072655fc665fbfc4aa"
"md","step-11-component-strategy","gds","gds/workflows/2-design/gds-create-ux-design/steps/step-11-component-strategy.md","c9f52f40ff758c337ae2056bfc61279fae8da4e7260b29916be1806534d32484"
"md","step-11-polish","gds","gds/workflows/2-design/create-prd/steps-c/step-11-polish.md","80dc81a418ade3c746d9b6492adc90ac49020a76fe2afb20616a2aa608568f0d"
"md","step-11-technical","gds","gds/workflows/2-design/gds-create-gdd/steps/step-11-technical.md","04500ef55f956827085e3c599d35fcdcb66a3f6035ae731a4955d42a66d1b4e0"
"md","step-12-complete","gds","gds/workflows/2-design/create-prd/steps-c/step-12-complete.md","457c153b4a78b18ff1060ce42c66592024cfcb881eaf69211f26385e836d6b9b"
"md","step-12-epics","gds","gds/workflows/2-design/gds-create-gdd/steps/step-12-epics.md","dcede86104a43863e2d1755df887287a60c8f716cdc0ef3df55b7e1513c0e6f5"
"md","step-12-ux-patterns","gds","gds/workflows/2-design/gds-create-ux-design/steps/step-12-ux-patterns.md","1f4536ebb5683b2bf2023f04841dde47499f5db01c9f5afd80da7379417ea753"
"md","step-13-metrics","gds","gds/workflows/2-design/gds-create-gdd/steps/step-13-metrics.md","f54b26b1430d11e9d684a531c0845843499634e165c200907cb947874f830f95"
"md","step-13-responsive-accessibility","gds","gds/workflows/2-design/gds-create-ux-design/steps/step-13-responsive-accessibility.md","ac0318e7f03940450660d0d2f4c8fe09a671f94e1cc1addec6ee1d7e2778f15f"
"md","step-14-complete","gds","gds/workflows/2-design/gds-create-gdd/steps/step-14-complete.md","b8ffc92f51879d2b2251a6c2d2dd171507324b731b1142ae76a1efa56393bd16"
"md","step-14-complete","gds","gds/workflows/2-design/gds-create-ux-design/steps/step-14-complete.md","d3a52d397ad173527221efcac5ea81eb2800d77d78c908a4136bfaa3ebaad252"
"md","step-e-01-discovery","gds","gds/workflows/2-design/create-prd/steps-e/step-e-01-discovery.md","ebfd9f9b44110b96c0576c8785737d412ad52b024693ff310aef47dc03adcd21"
"md","step-e-01b-legacy-conversion","gds","gds/workflows/2-design/create-prd/steps-e/step-e-01b-legacy-conversion.md","570b33681a05e9ceca12836fc103147f4af02b9b0112ce0273e13423643f01c2"
"md","step-e-02-review","gds","gds/workflows/2-design/create-prd/steps-e/step-e-02-review.md","162dbcda0441401c084a08a67df82d2840d3daffdc92f299f667bdd4bb956275"
"md","step-e-03-edit","gds","gds/workflows/2-design/create-prd/steps-e/step-e-03-edit.md","0d1c32f304b2cb199ec86d0b3a6a947c32f1ccdecf71077ecc1b2a747853ad43"
"md","step-e-04-complete","gds","gds/workflows/2-design/create-prd/steps-e/step-e-04-complete.md","b20fb364ffb23e6e6514c56b1cb21c739e0219d9885b8bcae5fded315b1d00c2"
"md","step-v-01-discovery","gds","gds/workflows/2-design/create-prd/steps-v/step-v-01-discovery.md","7c7924c82bca40f6e00170244bf59829f1bf299b294fbaf6f78128dfb012c31d"
"md","step-v-02-format-detection","gds","gds/workflows/2-design/create-prd/steps-v/step-v-02-format-detection.md","a1ad3032654c759c0111801a533bf68a8b841b5b2efd32947217c4286e1029f7"
"md","step-v-02b-parity-check","gds","gds/workflows/2-design/create-prd/steps-v/step-v-02b-parity-check.md","9285dab13b9b10901ac3e89c19fba59af5b97c360c387ff526144bec824ee693"
"md","step-v-03-density-validation","gds","gds/workflows/2-design/create-prd/steps-v/step-v-03-density-validation.md","2671fa76bb53ec523944d1dc706d804ca353e9422f29609a9b423d2b2a7a114c"
"md","step-v-04-brief-coverage-validation","gds","gds/workflows/2-design/create-prd/steps-v/step-v-04-brief-coverage-validation.md","d0fd2b63610a7ae7c6a8f1aca716d8d208f908599583e389a03fab643d4803c9"
"md","step-v-05-measurability-validation","gds","gds/workflows/2-design/create-prd/steps-v/step-v-05-measurability-validation.md","2d32a4cc033a9a977543e268db617eca82488eae13ef754dd4bcac7105e8533a"
"md","step-v-06-traceability-validation","gds","gds/workflows/2-design/create-prd/steps-v/step-v-06-traceability-validation.md","cec17c3a8dba4d9f170ea3150254d95f17658f4ae8c7d6ee68cd63ebcafbfaba"
"md","step-v-07-implementation-leakage-validation","gds","gds/workflows/2-design/create-prd/steps-v/step-v-07-implementation-leakage-validation.md","54ececda83a674e1e609168b56b8083cb596a256cae220197b0e46c287c61248"
"md","step-v-08-domain-compliance-validation","gds","gds/workflows/2-design/create-prd/steps-v/step-v-08-domain-compliance-validation.md","7f21ad977150d9280b2a7ede37b76305bd42d48ee00176d146b522deeb02494e"
"md","step-v-09-project-type-validation","gds","gds/workflows/2-design/create-prd/steps-v/step-v-09-project-type-validation.md","a8769227f61fc2512bcfb89122a561943dcbb51c5c8d703e8112b1ff5dc7da08"
"md","step-v-10-smart-validation","gds","gds/workflows/2-design/create-prd/steps-v/step-v-10-smart-validation.md","3f517e15b8eee35904e0288a800c00c6c306287b31ac41d2c5fb1c4f24d2cd92"
"md","step-v-11-holistic-quality-validation","gds","gds/workflows/2-design/create-prd/steps-v/step-v-11-holistic-quality-validation.md","7e9bdfbb581a1c0382302f1eaf4a039f8c7aff10ecadb41cb2dc8307e29ec032"
"md","step-v-12-completeness-validation","gds","gds/workflows/2-design/create-prd/steps-v/step-v-12-completeness-validation.md","612ae0afb762034b8b479c70458d4848bffc72ccad3a7a2a87a563fd059cf7aa"
"md","step-v-13-report-complete","gds","gds/workflows/2-design/create-prd/steps-v/step-v-13-report-complete.md","5d758fb68ba847d608826d00bd31835c312481a210df11b27af72c152aa4c135"
"md","strategy","gds","gds/workflows/2-design/gds-create-gdd/game-types/strategy.md","3b453b6e3a70d65ec2428bf53195edcb5c3f194341110f4034d55c9707fac65d"
"md","survival","gds","gds/workflows/2-design/gds-create-gdd/game-types/survival.md","524f50b6929bab7b10dbcc2437002cb79139188594e6d17ceb7abecd76e8b295"
"md","tech-spec-template","gds","gds/workflows/gds-quick-flow/gds-quick-dev-new-preview/tech-spec-template.md","9c41e1ad4c07627a0978ab2d5b87a53357e3e2a1222b01a57a640cbacd010a09"
"md","tech-spec-template","gds","gds/workflows/gds-quick-flow/gds-quick-spec/tech-spec-template.md","7186c7c1a8a327b3e9598f2711666540736569f46fd0ba5751f0f2c03e5e9a01"
"md","template","gds","gds/workflows/4-production/gds-create-story/template.md","31c35d74f9c84250b0b3574ca02c3041b243342e365e1c190a2d27b9971e9aab"
"md","test-design-template","gds","gds/workflows/gametest/gds-test-design/test-design-template.md","cdc62ad21c1970ff99594fd8f965ca208013e5f2fe1947f08ef169d9830c6336"
"md","test-priorities","gds","gds/gametest/knowledge/test-priorities.md","ab91b9b455586553ea5bf9f991db3a88613bf6e57ca230cc9a4f713364f9799b"
"md","test-review-template","gds","gds/workflows/gametest/gds-test-review/test-review-template.md","99166ae52604775b0f51f5a7b569fcf658803bdb57a210807bee7c10173816c5"
"md","text-based","gds","gds/workflows/2-design/gds-create-gdd/game-types/text-based.md","96c1d8cd99377cbebb873c5d660534f7fbfb848f503511eb24a25fe1e25ab4bf"
"md","tower-defense","gds","gds/workflows/2-design/gds-create-gdd/game-types/tower-defense.md","c53a3bcb028d93bede1926d4c4b32a84321fe0ab5238974fe855e86631030b70"
"md","turn-based-tactics","gds","gds/workflows/2-design/gds-create-gdd/game-types/turn-based-tactics.md","5438cbf5fc800facfe724651821ba851231ccb1e26cd83ab658ead9a012c695d"
"md","unity-engine","gds","gds/workflows/3-technical/gds-game-architecture/knowledge/unity-engine.md","691e75872ce221c8ae92814065d35720ae260adcd71e5bb107686ad086bdde99"
"md","unity-testing","gds","gds/gametest/knowledge/unity-testing.md","7e196ea43cf8b35b4b290269ec24bf49f1fdf57c81987e7a9f0aeb2a48d94b11"
"md","unreal-engine","gds","gds/workflows/3-technical/gds-game-architecture/knowledge/unreal-engine.md","04027d82f7add176d072d34e23f2d498a256c2a0a2ca4f8927b195edfac07205"
"md","unreal-testing","gds","gds/gametest/knowledge/unreal-testing.md","d3d656434f9fddee65e8b0a4826067176663be2373fdcb240f5c37dcd8e11c05"
"md","update-standards","gds","gds/agents/gds-agent-tech-writer/update-standards.md","6a8347dca807b77463d9d5789710d2915624d90ffe1871a046fd0260b93342e5"
"md","ux-design-template","gds","gds/workflows/2-design/gds-create-ux-design/ux-design-template.md","e3243405e033ac20fc1f39f2ec39f60629a00599b7638b5b17be8ce1cb65974c"
"md","validate-doc","gds","gds/agents/gds-agent-tech-writer/validate-doc.md","2760f64d721e07df5ae733f7775da23a1e9f6042747d498a077b80ada96ab8e4"
"md","visual-novel","gds","gds/workflows/2-design/gds-create-gdd/game-types/visual-novel.md","c069fdf5a0bc18a129cf4ce1362e1b67b627943a0e40bdf46730e92202ea797a"
"md","workflow","gds","gds/workflows/1-preproduction/gds-brainstorm-game/workflow.md","fabd8abee56e2190b71e11160bad17f9c9f4c78bf2997a72047b504377cb71b5"
"md","workflow","gds","gds/workflows/1-preproduction/gds-create-game-brief/workflow.md","2d2f43fc258357b8ae40ab48cbe34c989fbcdb78b6b436d1501088d6e64a013a"
"md","workflow","gds","gds/workflows/1-preproduction/research/gds-domain-research/workflow.md","50935558d159301b68c48aeb44d5d248c98d6746301417c90bf26c4b90c51b83"
"md","workflow","gds","gds/workflows/2-design/gds-create-gdd/workflow.md","b426bd855d022b1a8062ce91a7aad6b96ccb41ad73e5095c53d2ab27695e6ae0"
"md","workflow","gds","gds/workflows/2-design/gds-create-narrative/workflow.md","237373fed5e1f3d418656eb4613acb1c94334aefddac525a9f240e7367f0b03e"
"md","workflow","gds","gds/workflows/2-design/gds-create-ux-design/workflow.md","dfb503934604798a284893cde044b003807b45cf775aaa4887d5c1b3aba49b31"
"md","workflow","gds","gds/workflows/3-technical/gds-check-implementation-readiness/workflow.md","9b33fa2c882fd29bff217a37b905b51855d6956f682cd7657e13620bbcf421f3"
"md","workflow","gds","gds/workflows/3-technical/gds-create-epics-and-stories/workflow.md","f6099af14d6a28707bba7c3b1ed3bacadd67bc77c048d2eb579a06b9b213fef9"
"md","workflow","gds","gds/workflows/3-technical/gds-game-architecture/workflow.md","61a657f298ed2e41ec484cdf84e6a46fe7edd9a4282621fedb975a02b8e1161a"
"md","workflow","gds","gds/workflows/3-technical/gds-generate-project-context/workflow.md","189d0c39a42fedebb492d209623bf801b9abce04e9066a35d58b0b87f5002de9"
"md","workflow","gds","gds/workflows/4-production/gds-code-review/workflow.md","59b82faedd9d300fa7082180aa17846129204c8cfd4a8f44343dc8bea99fa773"
"md","workflow","gds","gds/workflows/4-production/gds-correct-course/workflow.md","39f4e0f7e98165a87f982e0f2c7a9cd56416acc45a1208adc12e15b71587c17d"
"md","workflow","gds","gds/workflows/4-production/gds-create-story/workflow.md","fa0d85a39051902c5395e38b4c1005f27891ae93a23bac114cc1315b5889a1e4"
"md","workflow","gds","gds/workflows/4-production/gds-dev-story/workflow.md","5f56f327302ae71b0662fa285214989ac74420f3d39e54c6bc0d85e0bc76bb19"
"md","workflow","gds","gds/workflows/4-production/gds-retrospective/workflow.md","746be0f23947907e6e94b947a5415c21ffed85b33ed2574aa6a0ee26cb1c7633"
"md","workflow","gds","gds/workflows/4-production/gds-sprint-planning/workflow.md","cbf6117877ad1ca4b38e7d588fb1ccd4edff3974462824e64f0c59b0e537f0a6"
"md","workflow","gds","gds/workflows/4-production/gds-sprint-status/workflow.md","b99cbebf7aedfd49d3f1d29c8313e26200a142b11e2cdc0ca1a63ea015b63f0d"
"md","workflow","gds","gds/workflows/gametest/gds-e2e-scaffold/workflow.md","473cdc75ce242d6d374a9f40ebb260bf4bf5638e21a7e09fc68cc5c5b74aa562"
"md","workflow","gds","gds/workflows/gametest/gds-performance-test/workflow.md","7514301411ffc301e82dc4d4f39e61c5fdad144cbb6712f20f7f6eef8391097d"
"md","workflow","gds","gds/workflows/gametest/gds-playtest-plan/workflow.md","1b9e18b2beafc72198084a79c41abe752b42fdbc094ef6999845c836f88d8cff"
"md","workflow","gds","gds/workflows/gametest/gds-test-automate/workflow.md","553c3bc240c5e35079991f5abb4cdb93e0894d927bedfbb093051e63d9c881a6"
"md","workflow","gds","gds/workflows/gametest/gds-test-design/workflow.md","b211c0afbd429d25a012148da390b3f6933f3316f752edbb8d61c07ed7e9c5bc"
"md","workflow","gds","gds/workflows/gametest/gds-test-framework/workflow.md","865cd7455dd1ec7801ce7805975d009fe6ca3206f05f0bc9847827bcebbced3e"
"md","workflow","gds","gds/workflows/gametest/gds-test-review/workflow.md","e896e49997d068ad2c974e5c240cffa7426fca0f6a6de66845b576c4ba4ab876"
"md","workflow","gds","gds/workflows/gds-document-project/workflow.md","48cdd86fa27e4ca7b186d8ca33a1be1da0a868c23b2fcce8a4f486120c6b6468"
"md","workflow","gds","gds/workflows/gds-quick-flow/gds-quick-dev/workflow.md","ca21bacdf9cc84d260ed43533ddb9b9f6a233e5fc36ea3e012ca05d2236785d1"
"md","workflow","gds","gds/workflows/gds-quick-flow/gds-quick-dev-new-preview/workflow.md","084eef90e0e81dc6bfed5091f48ff2523046f93068effb94d48aa831b2b13225"
"md","workflow","gds","gds/workflows/gds-quick-flow/gds-quick-spec/workflow.md","1bba0a1d8a31e50792809755d2ff723428cbe6afd3cc3b7c73d492b4f764cfe1"
"md","workflow-create-prd","gds","gds/workflows/2-design/create-prd/workflow-create-prd.md","dc2ba14e17e3ccc11c3aa0c59bd9afe945f8b9b8d603add35f1e8da9b785c178"
"md","workflow-edit-prd","gds","gds/workflows/2-design/create-prd/workflow-edit-prd.md","fb63626862bafd4f69df3eb29e3dd7e4b4634fafa1946f6935db066ebfcf8584"
"md","workflow-market-research","gds","gds/workflows/1-preproduction/research/workflow-market-research.md","1e475ae576c38065cc268f03476a39bf380dbbca6c1cc5540533594d8bc35cd7"
"md","workflow-technical-research","gds","gds/workflows/1-preproduction/research/workflow-technical-research.md","007008c22974faaebda08876049d90d0cab968f2905c1f317bed7d7e226734bb"
"md","workflow-validate-prd","gds","gds/workflows/2-design/create-prd/workflow-validate-prd.md","c6f4a206dac5455b9efcba8cd254835bf9e7ba8d1d3df25b2bb8532ec70fedfd"
"md","write-document","gds","gds/agents/gds-agent-tech-writer/write-document.md","4a35fd0466f842f55331707eb2b9656c09623e7c84a4f64f2a13771aa18b88f1"
"yaml","architecture-patterns","gds","gds/workflows/3-technical/gds-game-architecture/architecture-patterns.yaml","ed3f948cb7ddd4b928bf6aa26d84695ade787f1979396f6230ea2c4cd9408ad3"
"yaml","bmad-skill-manifest","gds","gds/agents/gds-agent-game-architect/bmad-skill-manifest.yaml","6d41aebf7a26047fefbc12dba5468c7b8df9a99fe31a38224153a69e89f07a34"
"yaml","bmad-skill-manifest","gds","gds/agents/gds-agent-game-designer/bmad-skill-manifest.yaml","2d47adea8e3222764a7f4c64335a2fb73fa8ead39fbe7501bc290693d01b2989"
"yaml","bmad-skill-manifest","gds","gds/agents/gds-agent-game-dev/bmad-skill-manifest.yaml","a00a023eb51b7a0e085a3d07e9d6394f167378ff4e61f8c9962fe3e794a7f7f7"
"yaml","bmad-skill-manifest","gds","gds/agents/gds-agent-game-qa/bmad-skill-manifest.yaml","a4df60f13bd59e0b692b68ce0afa7cbd4231e56fb2d2938ffa245384e4ffc4fe"
"yaml","bmad-skill-manifest","gds","gds/agents/gds-agent-game-scrum-master/bmad-skill-manifest.yaml","e3fef45b70ad82169a975e59d8d9c21827e959c7ab2107ca11b40870e1e54b1a"
"yaml","bmad-skill-manifest","gds","gds/agents/gds-agent-game-solo-dev/bmad-skill-manifest.yaml","4b74dd1e1bc690575221735ab4e13037bff501d411310cacf53511e2e8fb18a9"
"yaml","bmad-skill-manifest","gds","gds/agents/gds-agent-tech-writer/bmad-skill-manifest.yaml","2ba04ff6950f5abbc772da1bed54ac7d6d9860697f277951f99b4fe099c1b88d"
"yaml","bmad-skill-manifest","gds","gds/workflows/1-preproduction/gds-brainstorm-game/bmad-skill-manifest.yaml","fba78c307309490c064510a2d87d29e608120d600a705fd1d6b110adbdb68e63"
"yaml","bmad-skill-manifest","gds","gds/workflows/1-preproduction/gds-create-game-brief/bmad-skill-manifest.yaml","fba78c307309490c064510a2d87d29e608120d600a705fd1d6b110adbdb68e63"
"yaml","bmad-skill-manifest","gds","gds/workflows/1-preproduction/research/bmad-skill-manifest.yaml","f4a69a34f8589ec87639b7ba082e0d9007ef4dd993de4a04f681667039020694"
"yaml","bmad-skill-manifest","gds","gds/workflows/1-preproduction/research/gds-domain-research/bmad-skill-manifest.yaml","fba78c307309490c064510a2d87d29e608120d600a705fd1d6b110adbdb68e63"
"yaml","bmad-skill-manifest","gds","gds/workflows/2-design/create-prd/bmad-skill-manifest.yaml","200660e2f30e654640f26c29a325875e77e90850b0ec1c7a618055e23a7a474a"
"yaml","bmad-skill-manifest","gds","gds/workflows/2-design/gds-create-gdd/bmad-skill-manifest.yaml","fba78c307309490c064510a2d87d29e608120d600a705fd1d6b110adbdb68e63"
"yaml","bmad-skill-manifest","gds","gds/workflows/2-design/gds-create-narrative/bmad-skill-manifest.yaml","fba78c307309490c064510a2d87d29e608120d600a705fd1d6b110adbdb68e63"
"yaml","bmad-skill-manifest","gds","gds/workflows/2-design/gds-create-ux-design/bmad-skill-manifest.yaml","fba78c307309490c064510a2d87d29e608120d600a705fd1d6b110adbdb68e63"
"yaml","bmad-skill-manifest","gds","gds/workflows/3-technical/gds-check-implementation-readiness/bmad-skill-manifest.yaml","fba78c307309490c064510a2d87d29e608120d600a705fd1d6b110adbdb68e63"
"yaml","bmad-skill-manifest","gds","gds/workflows/3-technical/gds-create-epics-and-stories/bmad-skill-manifest.yaml","fba78c307309490c064510a2d87d29e608120d600a705fd1d6b110adbdb68e63"
"yaml","bmad-skill-manifest","gds","gds/workflows/3-technical/gds-game-architecture/bmad-skill-manifest.yaml","fba78c307309490c064510a2d87d29e608120d600a705fd1d6b110adbdb68e63"
"yaml","bmad-skill-manifest","gds","gds/workflows/3-technical/gds-generate-project-context/bmad-skill-manifest.yaml","fba78c307309490c064510a2d87d29e608120d600a705fd1d6b110adbdb68e63"
"yaml","bmad-skill-manifest","gds","gds/workflows/4-production/gds-code-review/bmad-skill-manifest.yaml","fba78c307309490c064510a2d87d29e608120d600a705fd1d6b110adbdb68e63"
"yaml","bmad-skill-manifest","gds","gds/workflows/4-production/gds-correct-course/bmad-skill-manifest.yaml","fba78c307309490c064510a2d87d29e608120d600a705fd1d6b110adbdb68e63"
"yaml","bmad-skill-manifest","gds","gds/workflows/4-production/gds-create-story/bmad-skill-manifest.yaml","fba78c307309490c064510a2d87d29e608120d600a705fd1d6b110adbdb68e63"
"yaml","bmad-skill-manifest","gds","gds/workflows/4-production/gds-dev-story/bmad-skill-manifest.yaml","fba78c307309490c064510a2d87d29e608120d600a705fd1d6b110adbdb68e63"
"yaml","bmad-skill-manifest","gds","gds/workflows/4-production/gds-retrospective/bmad-skill-manifest.yaml","fba78c307309490c064510a2d87d29e608120d600a705fd1d6b110adbdb68e63"
"yaml","bmad-skill-manifest","gds","gds/workflows/4-production/gds-sprint-planning/bmad-skill-manifest.yaml","fba78c307309490c064510a2d87d29e608120d600a705fd1d6b110adbdb68e63"
"yaml","bmad-skill-manifest","gds","gds/workflows/4-production/gds-sprint-status/bmad-skill-manifest.yaml","fba78c307309490c064510a2d87d29e608120d600a705fd1d6b110adbdb68e63"
"yaml","bmad-skill-manifest","gds","gds/workflows/gametest/gds-e2e-scaffold/bmad-skill-manifest.yaml","fba78c307309490c064510a2d87d29e608120d600a705fd1d6b110adbdb68e63"
"yaml","bmad-skill-manifest","gds","gds/workflows/gametest/gds-performance-test/bmad-skill-manifest.yaml","fba78c307309490c064510a2d87d29e608120d600a705fd1d6b110adbdb68e63"
"yaml","bmad-skill-manifest","gds","gds/workflows/gametest/gds-playtest-plan/bmad-skill-manifest.yaml","fba78c307309490c064510a2d87d29e608120d600a705fd1d6b110adbdb68e63"
"yaml","bmad-skill-manifest","gds","gds/workflows/gametest/gds-test-automate/bmad-skill-manifest.yaml","fba78c307309490c064510a2d87d29e608120d600a705fd1d6b110adbdb68e63"
"yaml","bmad-skill-manifest","gds","gds/workflows/gametest/gds-test-design/bmad-skill-manifest.yaml","fba78c307309490c064510a2d87d29e608120d600a705fd1d6b110adbdb68e63"
"yaml","bmad-skill-manifest","gds","gds/workflows/gametest/gds-test-framework/bmad-skill-manifest.yaml","fba78c307309490c064510a2d87d29e608120d600a705fd1d6b110adbdb68e63"
"yaml","bmad-skill-manifest","gds","gds/workflows/gametest/gds-test-review/bmad-skill-manifest.yaml","fba78c307309490c064510a2d87d29e608120d600a705fd1d6b110adbdb68e63"
"yaml","bmad-skill-manifest","gds","gds/workflows/gds-document-project/bmad-skill-manifest.yaml","fba78c307309490c064510a2d87d29e608120d600a705fd1d6b110adbdb68e63"
"yaml","bmad-skill-manifest","gds","gds/workflows/gds-quick-flow/gds-quick-dev/bmad-skill-manifest.yaml","fba78c307309490c064510a2d87d29e608120d600a705fd1d6b110adbdb68e63"
"yaml","bmad-skill-manifest","gds","gds/workflows/gds-quick-flow/gds-quick-dev-new-preview/bmad-skill-manifest.yaml","fba78c307309490c064510a2d87d29e608120d600a705fd1d6b110adbdb68e63"
"yaml","bmad-skill-manifest","gds","gds/workflows/gds-quick-flow/gds-quick-spec/bmad-skill-manifest.yaml","fba78c307309490c064510a2d87d29e608120d600a705fd1d6b110adbdb68e63"
"yaml","config","gds","gds/config.yaml","768f4569f2e867f270f265e0798bbdaf0f61a400b9dd9137f31eb807992586c3"
"yaml","decision-catalog","gds","gds/workflows/3-technical/gds-game-architecture/decision-catalog.yaml","ea7d7c5b13c8ce04e2e8dde7ef4273169627d66fcc3c74463e930e15cee7d6ae"
"yaml","engine-mcps","gds","gds/workflows/3-technical/gds-game-architecture/engine-mcps.yaml","432213f4a4ce2b9b9946fda108bd145abdc95f1ae2e7a8a8f03103f934015557"
"yaml","sprint-status-template","gds","gds/workflows/4-production/gds-sprint-planning/sprint-status-template.yaml","7bad0cc622ecbd33346d76f625333ff7c4d8aa21d48ce27075050f79a1a58065"
